{"cameraMode":{"drawMode":0,"name":"Shaded","section":"Shading Mode"},"sceneLighting":true,"audioPlay":false,"sceneViewState":{"m_AlwaysRefresh":false,"showFog":true,"showSkybox":true,"showFlares":true,"showImageEffects":true,"showParticleSystems":true,"showVisualEffectGraphs":true,"m_FxEnabled":true},"in2DMode":false,"pivot":{"x":-6.963747978210449,"y":-1.8674235343933106,"z":0.6681869626045227},"rotation":{"x":0.7022081017494202,"y":0.017898134887218477,"z":-0.018061334267258645,"w":0.7123785614967346},"size":12.899260520935059,"orthographic":false}